,precision,recall,f1-score,support
Normal,0.9787234042553191,1.0,0.989247311827957,506.0
BACnet Fuzzing,1.0,0.9991475379345619,0.99957358721692,64519.0
Tampering,0.8869346733668342,0.9943661971830986,0.9375830013280212,355.0
Flooding,0.9230769230769231,0.96,0.9411764705882353,25.0
accuracy,0.999113217643911,0.999113217643911,0.999113217643911,0.999113217643911
macro avg,0.9471837501747691,0.9883784337794151,0.9668950927402833,65405.0
weighted avg,0.9991923060113959,0.999113217643911,0.9991349100324068,65405.0
