,precision,recall,f1-score,support
Normal,0.9900990099009901,0.9881422924901185,0.9891196834817012,506.0
BACnet Fuzzing,0.9974174192750217,0.9996590151738247,0.9985369591974176,64519.0
Tampering,0.8991228070175439,0.5774647887323944,0.7032590051457978,355.0
Flooding,0.875,0.28,0.42424242424242425,25.0
accuracy,0.997003287210458,0.997003287210458,0.997003287210458,0.997003287210458
macro avg,0.940409809048389,0.7113165240990844,0.7787895180168352,65405.0
weighted avg,0.9967804933828646,0.997003287210458,0.9966419025721694,65405.0
