,precision,recall,f1-score,support
Normal,0.9921062073914604,0.9865017541773206,0.989296043412147,16817.0
Unauthorized Subscribe,0.9540208829455944,0.976194939081537,0.9649805447470818,5335.0
Large Payload,1.0,0.4594594594594595,0.6296296296296297,37.0
Connection Overflow,0.8461538461538461,0.5,0.6285714285714286,22.0
accuracy,0.9826662464544595,0.9826662464544595,0.9826662464544595,0.9826662464544595
macro avg,0.9480702341227253,0.7305390381795793,0.8031194115900718,22211.0
weighted avg,0.9828268373703264,0.9826662464544595,0.982499105668931,22211.0
