,precision,recall,f1-score,support
Normal,0.9960552268244576,0.9980237154150198,0.9970384995064165,506.0
BACnet Fuzzing,0.9999380066022968,1.0,0.9999690023403234,64519.0
Tampering,1.0,0.9915492957746479,0.9957567185289957,355.0
Flooding,1.0,0.92,0.9583333333333334,25.0
accuracy,0.9999082638941977,0.9999082638941977,0.9999082638941977,0.9999082638941977
macro avg,0.9989983083566886,0.977393252797417,0.9877743884272673,65405.0
weighted avg,0.9999083279985744,0.9999082638941977,0.9999075531099564,65405.0
