,precision,recall,f1-score,support
Normal,0.9979381443298969,1.0,0.9989680082559339,484.0
BACnet Fuzzing,1.0,1.0,1.0,64548.0
Tampering,1.0,1.0,1.0,354.0
Flooding,1.0,0.9473684210526315,0.972972972972973,19.0
accuracy,0.9999847106490329,0.9999847106490329,0.9999847106490329,0.9999847106490329
macro avg,0.9994845360824742,0.9868421052631579,0.9929852453072268,65405.0
weighted avg,0.999984742173468,0.9999847106490329,0.999984511925424,65405.0
